cluster_id,count,latitude_mean,longitude_mean,latitude_min,latitude_max,longitude_min,longitude_max
18,888,44.16433895720721,-77.3830276036036,44.15931,44.169222,-77.3863,-77.379369
181,163,38.892921914110424,-77.02305077300613,38.892661,38.893087,-77.023386,-77.022743
139,115,38.89765467826088,-77.03646397391306,38.897295,38.89793,-77.037441,-77.035553
130,101,55.940354999999975,-3.1814,55.940355,55.940355,-3.1814,-3.1814
143,81,-27.468883172839515,153.02282579012348,-27.469117,-27.468879,153.02276,153.022827
123,51,44.93460300000001,4.89031,44.934603,44.934603,4.89031,4.89031
87,47,51.50632499999997,-0.12714400000000006,51.506325,51.506325,-0.127144,-0.127144
22,46,44.19517026086957,-77.04857071739131,44.194543,44.195609,-77.049844,-77.048149
71,45,41.884150644444446,-87.63240835555554,41.88415,41.884151,-87.632409,-87.632408
19,44,44.16961836363637,-77.3858518409091,44.168522,44.170631,-77.386922,-77.384848
212,44,44.446586999999994,1.4381789999999999,44.446587,44.446587,1.438179,1.438179
88,39,52.20986999999999,0.11156499999999998,52.20987,52.20987,0.111565,0.111565
21,35,44.19876562857143,-77.04730448571428,44.198435,44.198974,-77.048631,-77.045938
17,31,40.7145493548387,-74.00712312903227,40.71453,40.71455,-74.007133,-74.007118
89,27,51.21135,-2.6459540000000006,51.21135,51.21135,-2.645954,-2.645954
197,26,45.783660000000005,-108.50552299999998,45.78366,45.78366,-108.505523,-108.505523
91,25,52.883289000000005,-1.97685,52.883289,52.883289,-1.97685,-1.97685
6,24,-33.873194125000005,151.206691,-33.873708,-33.872571,151.206121,151.207408
69,22,38.89036999999999,-77.03195899999997,38.89037,38.89037,-77.031959,-77.031959
214,21,43.73846000000001,7.42621,43.73846,43.73846,7.42621,7.42621
150,21,-27.7129,151.641368,-27.7129,-27.7129,151.641368,151.641368
224,21,44.22988099999999,1.8434590000000004,44.229881,44.229881,1.843459,1.843459
31,21,44.16643476190476,-77.37532604761903,44.165498,44.167268,-77.375797,-77.374563
144,20,-27.471134,153.018157,-27.471134,-27.471134,153.018157,153.018157
66,19,37.5571,126.97699999999998,37.5571,37.5571,126.977,126.977
103,19,48.856925000000004,2.3412099999999993,48.856925,48.856925,2.34121,2.34121
207,19,37.54632094736843,-77.43812526315789,37.546023,37.54655,-77.438471,-77.438001
169,18,8.35,80.41666600000002,8.35,8.35,80.416666,80.416666
65,17,64.9639,-19.0212,64.9639,64.9639,-19.0212,-19.0212
26,17,44.19726923529412,-77.05199135294117,44.197051,44.197412,-77.05215,-77.051582
68,17,42.358635,-71.056699,42.358635,42.358635,-71.056699,-71.056699
204,16,42.379216,-71.02292,42.379216,42.379216,-71.02292,-71.02292
117,16,44.197477812500004,-77.045879375,44.197359,44.197605,-77.045917,-77.045788
75,16,39.9522771875,-75.16237362499999,39.95227,39.952385,-75.162448,-75.162368
184,16,40.023731,-76.33171,40.023731,40.023731,-76.33171,-76.33171
133,16,-33.854527562499996,151.20921225,-33.855127,-33.853791,151.208921,151.209747
174,16,1.283333,103.85,1.283333,1.283333,103.85,103.85
52,16,44.171885375,-77.38296249999999,44.171431,44.172131,-77.383189,-77.382363
81,16,19.431892562500003,-99.13288700000001,19.43187,19.432231,-99.132889,-99.132857
220,16,44.077966,1.728286,44.077966,44.077966,1.728286,1.728286
23,16,44.165232625,-77.3869168125,44.164836,44.165644,-77.387845,-77.386236
102,15,49.894734599999985,2.293164600000001,49.894729,49.894735,2.293159,2.293165
115,15,44.195732266666674,-77.04696273333334,44.195305,44.195897,-77.047462,-77.046711
32,15,44.167184,-77.36790966666665,44.167014,44.167312,-77.368083,-77.367568
140,15,38.889923333333336,-77.00916766666667,38.889696,38.890247,-77.009932,-77.008645
34,15,44.165107733333336,-77.37779146666668,44.16472,44.165444,-77.378726,-77.377116
203,14,39.53542399999999,-107.77965500000002,39.535424,39.535424,-107.779655,-107.779655
37,14,44.168047642857154,-77.3809295,44.167652,44.168445,-77.381955,-77.379627
190,14,21.304729000000002,-157.85761999999997,21.304729,21.304729,-157.85762,-157.85762
2,14,-33.86750499999999,151.20736028571432,-33.867702,-33.86711,151.207065,151.208004
131,14,54.97652900000001,-1.521348,54.976529,54.976529,-1.521348,-1.521348
216,14,43.73121200000001,7.419848000000001,43.731212,43.731212,7.419848,7.419848
159,14,-20.077400000000004,146.26315299999993,-20.0774,-20.0774,146.263153,146.263153
105,14,47.085855,2.39293,47.085855,47.085855,2.39293,2.39293
129,13,46.71067000000001,1.7181889999999997,46.71067,46.71067,1.718189,1.718189
84,13,43.78237000000001,11.254995,43.78237,43.78237,11.254995,11.254995
200,13,39.100891999999995,-84.506921,39.100892,39.100892,-84.506921,-84.506921
63,13,44.15592869230768,-77.39389692307694,44.155376,44.156439,-77.394433,-77.393231
191,13,36.171909000000014,-115.13996799999998,36.171909,36.171909,-115.139968,-115.139968
215,13,43.73776199999999,7.421403999999999,43.737762,43.737762,7.421404,7.421404
213,13,41.916456999999994,12.488192999999999,41.916457,41.916457,12.488193,12.488193
151,13,-24.86673707692308,152.34662761538462,-24.86705,-24.866711,152.346622,152.346695
109,13,48.29787499999999,4.074345,48.297875,48.297875,4.074345,4.074345
154,13,-27.465662615384613,153.02303815384613,-27.46567,-27.465574,153.023028,153.023039
211,12,46.15718300000001,-1.1503879999999997,46.157183,46.157183,-1.150388,-1.150388
121,12,37.759679416666664,-122.38820391666667,37.759655,37.75975,-122.388298,-122.388031
205,12,37.54829066666666,-77.43619791666667,37.548046,37.54845,-77.436405,-77.436063
113,12,48.636081999999995,-1.5108299999999997,48.636082,48.636082,-1.51083,-1.51083
171,12,5.416666,100.333333,5.416666,5.416666,100.333333,100.333333
107,12,47.586850000000005,1.3314330000000003,47.58685,47.58685,1.331433,1.331433
202,11,36.404152,-105.579986,36.404152,36.404152,-105.579986,-105.579986
16,11,42.733762181818186,-84.55557145454546,42.733679,42.733868,-84.555673,-84.555459
40,11,44.16437190909091,-77.39155127272727,44.163835,44.164828,-77.392458,-77.390656
183,11,40.91645799999999,-74.17108099999999,40.916458,40.916458,-74.171081,-74.171081
45,11,44.16201663636364,-77.37637881818183,44.161811,44.162565,-77.377202,-77.375625
46,11,44.17785963636364,-77.38884709090911,44.177833,44.178126,-77.389208,-77.388811
122,11,45.04596300000001,5.048398,45.045963,45.045963,5.048398,5.048398
172,11,22.266665999999997,114.18333299999999,22.266666,22.266666,114.183333,114.183333
229,11,44.67609900000001,1.874198,44.676099,44.676099,1.874198,1.874198
146,11,-19.257203090909094,146.8211290909091,-19.25723,-19.2572,146.82106,146.821136
155,11,-27.561448999999996,151.953293,-27.561449,-27.561449,151.953293,151.953293
142,11,30.439769000000002,-84.28064700000002,30.439769,30.439769,-84.280647,-84.280647
141,11,40.832721,-73.94571599999999,40.832721,40.832721,-73.945716,-73.945716
218,10,43.92683,2.146797,43.92683,43.92683,2.146797,2.146797
185,10,42.346019,-72.516708,42.346019,42.346019,-72.516708,-72.516708
193,10,40.813621,-96.70774000000002,40.813621,40.813621,-96.70774,-96.70774
67,10,37.976150000000004,23.736415,37.97615,37.97615,23.736415,23.736415
77,10,34.0534293,-118.24522880000002,34.05329,34.053489,-118.245323,-118.245009
78,10,42.4404945,-76.49545379999999,42.44049,42.440495,-76.495454,-76.495452
24,10,44.1634478,-77.3680124,44.163196,44.163689,-77.368061,-77.367868
72,10,41.657825,-91.526534,41.657825,41.657825,-91.526534,-91.526534
201,10,39.100892,-84.509153,39.100892,39.100892,-84.509153,-84.509153
90,10,53.226084,-0.542038,53.226084,53.226084,-0.542038,-0.542038
226,9,43.929797,2.145423,43.929797,43.929797,2.145423,2.145423
227,9,44.736369,1.380672,44.736369,44.736369,1.380672,1.380672
94,9,55.85780788888889,-4.2425107777777775,55.857799,55.857809,-4.242511,-4.242509
8,9,-33.859582,151.21891,-33.859582,-33.859582,151.21891,151.21891
76,9,32.715685,-117.16172399999999,32.715685,32.715685,-117.161724,-117.161724
15,9,42.733868,-84.553198,42.733868,42.733868,-84.553198,-84.553198
99,9,51.06954,-1.8002840000000002,51.06954,51.06954,-1.800284,-1.800284
179,9,5.55,-0.2,5.55,5.55,-0.2,-0.2
173,9,37.5,122.116666,37.5,37.5,122.116666,122.116666
187,8,19.71923,-155.081863,19.71923,19.71923,-155.081863,-155.081863
194,8,32.89925,-105.960319,32.89925,32.89925,-105.960319,-105.960319
186,8,38.899101,-77.028999,38.899101,38.899101,-77.028999,-77.028999
119,8,44.649280375000004,-63.576112124999995,44.649246,44.649521,-63.576164,-63.575749
120,8,44.654842,-63.584362,44.654842,44.654842,-63.584362,-63.584362
148,8,-28.21813,152.034653,-28.21813,-28.21813,152.034653,152.034653
153,8,-27.183495,151.263463,-27.183495,-27.183495,151.263463,151.263463
158,8,-24.86608175,152.34888525000002,-24.866109,-24.866,152.348847,152.349
167,8,-42.886294,147.328376,-42.886294,-42.886294,147.328376,147.328376
175,8,43.7,-79.416667,43.7,43.7,-79.416667,-79.416667
162,8,-27.46770075,153.02792125,-27.468,-27.46758,153.027892,153.028
74,8,42.36679,-71.106019,42.36679,42.36679,-71.106019,-71.106019
108,8,46.20809,5.227585,46.20809,46.20809,5.227585,5.227585
104,8,46.712448,1.71832,46.712448,46.712448,1.71832,1.71832
14,8,42.74906,-84.540023,42.74906,42.74906,-84.540023,-84.540023
196,8,35.223079,-106.615867,35.223079,35.223079,-106.615867,-106.615867
97,8,52.622495,1.2949,52.622495,52.622495,1.2949,1.2949
96,8,55.954155,-3.202774,55.954155,55.954155,-3.202774,-3.202774
41,8,44.175748875000004,-77.37766612499999,44.175402,44.176217,-77.378017,-77.377105
30,8,44.169996499999996,-77.37680925000001,44.169599,44.170484,-77.377009,-77.376601
80,8,42.5224,-70.895809,42.5224,42.5224,-70.895809,-70.895809
51,8,44.1667145,-77.3581595,44.166398,44.166898,-77.358427,-77.35804
61,7,44.18541714285714,-77.07333685714286,44.185219,44.185581,-77.073436,-77.073276
70,7,41.492124999999994,-71.311354,41.492125,41.492125,-71.311354,-71.311354
230,7,44.355769,2.031784,44.355769,44.355769,2.031784,2.031784
145,7,-25.6243,151.60819999999998,-25.6243,-25.6243,151.6082,151.6082
64,7,-43.53394042857143,172.63940471428572,-43.534207,-43.533896,172.639374,172.639589
192,7,33.610389,-114.598838,33.610389,33.610389,-114.598838,-114.598838
3,7,-28.168439857142857,153.53784185714287,-28.16844,-28.168439,153.537841,153.537842
210,7,37.54825528571428,-77.43901542857144,37.548142,37.548546,-77.439455,-77.438838
36,7,44.16322171428572,-77.36458928571427,44.162919,44.163535,-77.364842,-77.364349
28,7,44.156667285714285,-77.37959442857144,44.156531,44.15687,-77.38012,-77.379026
44,7,44.170446285714284,-77.38258942857144,44.170277,44.170531,-77.382953,-77.382395
217,7,43.826477000000004,4.35213,43.826477,43.826477,4.35213,4.35213
160,7,-20.010209,148.244919,-20.010209,-20.010209,148.244919,148.244919
48,7,44.19521785714285,-77.05538871428573,44.195112,44.195312,-77.055401,-77.055358
138,7,35.322416,-120.63230499999999,35.322416,35.322416,-120.632305,-120.632305
219,7,43.09736300000001,-0.04682000000000001,43.097363,43.097363,-0.04682,-0.04682
182,7,38.254859,-85.76640299999998,38.254859,38.254859,-85.766403,-85.766403
93,7,51.75620500000001,-1.259489,51.756205,51.756205,-1.259489,-1.259489
9,7,-33.87284271428572,151.20998014285715,-33.873368,-33.872393,151.209661,151.210606
92,7,50.71990399999999,-3.531644,50.719904,50.719904,-3.531644,-3.531644
10,7,-33.85953485714286,151.22187414285713,-33.859796,-33.859328,151.221485,151.222139
12,7,-27.468917428571423,153.02367971428572,-27.469173,-27.468583,153.023521,153.024103
163,7,-27.466028285714284,153.02612700000003,-27.466069,-27.465974,153.026032,153.026182
11,7,-33.853666,151.215476,-33.853666,-33.853666,151.215476,151.215476
82,7,20.682906714285714,-88.56879757142858,20.682583,20.682984,-88.569138,-88.568698
86,7,50.94165428571428,6.955062714285715,50.94165,50.941655,6.955049,6.955065
126,7,-35.29835,149.16363,-35.29835,-35.29835,149.16363,149.16363
128,7,56.00126,-3.391599,56.00126,56.00126,-3.391599,-3.391599
199,6,31.757509,-106.486358,31.757509,31.757509,-106.486358,-106.486358
168,6,35.9,14.516666,35.9,35.9,14.516666,14.516666
188,6,34.03617,-118.689567,34.03617,34.03617,-118.689567,-118.689567
209,6,37.55001933333333,-77.43733900000001,37.549956,37.550058,-77.43748,-77.437158
225,6,43.98318,1.9099040000000003,43.98318,43.98318,1.909904,1.909904
221,6,59.326879,18.071748,59.326879,59.326879,18.071748,18.071748
222,6,44.538091,1.0131879999999998,44.538091,44.538091,1.013188,1.013188
231,6,43.304194,-0.369415,43.304194,43.304194,-0.369415,-0.369415
177,6,-33.300000000000004,26.533333,-33.3,-33.3,26.533333,26.533333
223,6,44.15462200000001,1.888961,44.154622,44.154622,1.888961,1.888961
208,6,37.54780099999999,-77.43815599999999,37.547746,37.547911,-77.438205,-77.438058
0,6,30.083740000000002,31.255359666666664,30.08374,30.08374,31.255359,31.25536
233,6,27.506901,-97.864344,27.506901,27.506901,-97.864344,-97.864344
35,6,44.159376,-77.37476466666666,44.159286,44.159417,-77.375056,-77.374573
62,6,44.10113583333333,-77.5762775,44.101077,44.101269,-77.576544,-77.57619
73,6,32.78117866666667,-79.9315855,32.78115,32.781285,-79.931738,-79.931373
79,6,42.651455,-73.755274,42.651455,42.651455,-73.755274,-73.755274
56,6,44.16156483333333,-77.3793675,44.16128,44.161865,-77.379691,-77.378854
55,6,44.1701405,-77.38379116666665,44.16993,44.170384,-77.384412,-77.383489
98,6,52.32132000000001,-1.56707,52.32132,52.32132,-1.56707,-1.56707
101,6,42.341114,-3.699825,42.341114,42.341114,-3.699825,-3.699825
49,6,44.19681966666666,-77.05608083333334,44.196751,44.196928,-77.05656,-77.055766
110,6,43.61085500000001,3.87609,43.610855,43.610855,3.87609,3.87609
47,6,44.219861,-77.387609,44.219861,44.219861,-77.387609,-77.387609
116,6,44.194982,-77.05073400000002,44.194982,44.194982,-77.050734,-77.050734
1,6,-33.85498466666667,151.21436766666667,-33.85527,-33.854771,151.213803,151.21479
124,6,44.758663000000006,5.364851000000001,44.758663,44.758663,5.364851,5.364851
127,6,53.340731000000005,-6.254942833333334,53.34038,53.341036,-6.255244,-6.254771
118,6,44.195989,-77.055809,44.195989,44.195989,-77.055809,-77.055809
33,6,44.161437166666666,-77.39329466666668,44.1613,44.161565,-77.393553,-77.393167
13,6,-33.85934433333333,151.2103695,-33.859439,-33.859261,151.210241,151.210498
7,6,-33.86539150000001,151.20733866666663,-33.865783,-33.865115,151.207065,151.207494
152,6,-26.403958999999997,146.248016,-26.403959,-26.403959,146.248016,146.248016
149,6,-27.466263499999997,153.02463366666666,-27.46631,-27.466031,153.02461,153.024752
134,6,-33.861429333333334,151.2107371666667,-33.861796,-33.861106,151.210584,151.210885
147,6,-28.65159,151.940201,-28.65159,-28.65159,151.940201,151.940201
29,6,44.16074366666667,-77.37914766666667,44.160687,44.160772,-77.37923,-77.37909
25,6,44.172593,-77.388854,44.172593,44.172593,-77.388854,-77.388854
54,5,44.165175999999995,-77.39382079999999,44.165097,44.165351,-77.393853,-77.393703
232,5,42.788976,0.592746,42.788976,42.788976,0.592746,0.592746
4,5,-33.874416399999994,151.20661,-33.874624,-33.874263,151.206298,151.206872
5,5,-33.8599422,151.21515860000002,-33.859961,-33.859867,151.215069,151.215181
57,5,44.145607,-77.418133,44.145607,44.145607,-77.418133,-77.418133
38,5,44.163135,-77.366495,44.163135,44.163135,-77.366495,-77.366495
228,5,44.612467,2.029724,44.612467,44.612467,2.029724,2.029724
39,5,44.1626438,-77.3936966,44.16245,44.163089,-77.394025,-77.393392
42,5,44.1726668,-77.38132399999999,44.172431,44.172816,-77.381633,-77.381021
53,5,44.1717482,-77.350513,44.171569,44.171793,-77.350745,-77.350455
50,5,44.202658,-77.391976,44.202658,44.202658,-77.391976,-77.391976
59,5,44.1698286,-77.37090660000001,44.169692,44.170053,-77.371087,-77.370486
27,5,44.17554,-77.391021,44.17554,44.17554,-77.391021,-77.391021
20,5,44.1714788,-77.38579179999999,44.171362,44.171508,-77.385903,-77.385764
43,5,44.1685562,-77.38835839999999,44.168299,44.168845,-77.388478,-77.388274
58,5,44.1796046,-77.37447239999999,44.179326,44.179788,-77.374852,-77.37408
164,5,-27.46859,153.005295,-27.46859,-27.46859,153.005295,153.005295
206,5,37.5472736,-77.4372484,37.547205,37.547344,-77.437305,-77.437195
132,5,54.987513,-1.618938,54.987513,54.987513,-1.618938,-1.618938
166,5,55.7041272,13.193689000000001,55.704096,55.704168,13.193389,13.193839
161,5,-19.25508,146.822276,-19.25508,-19.25508,146.822276,146.822276
157,5,-20.01466,148.22084,-20.01466,-20.01466,148.22084,148.22084
156,5,-27.315800000000003,153.066299,-27.3158,-27.3158,153.066299,153.066299
170,5,3.35,101.25,3.35,3.35,101.25,101.25
137,5,-33.8656536,151.2126086,-33.865934,-33.865498,151.212419,151.212837
136,5,-33.873597,151.21239100000003,-33.873791,-33.873515,151.212075,151.21259
176,5,-33.966667,25.583333,-33.966667,-33.966667,25.583333,25.583333
135,5,-33.864553,151.21369,-33.864553,-33.864553,151.21369,151.21369
178,5,-33.916667,18.416666,-33.916667,-33.916667,18.416666,18.416666
180,5,5.083333,-1.35,5.083333,5.083333,-1.35,-1.35
125,5,51.500789,-0.142264,51.500789,51.500789,-0.142264,-0.142264
114,5,49.44038,1.08933,49.44038,49.44038,1.08933,1.08933
189,5,35.084178,-106.64864300000002,35.084178,35.084178,-106.648643,-106.648643
112,5,48.85284,1.44041,48.85284,48.85284,1.44041,1.44041
111,5,44.1033,1.08214,44.1033,44.1033,1.08214,1.08214
106,5,49.18436,-0.36111,49.18436,49.18436,-0.36111,-0.36111
195,5,34.167881,-111.930702,34.167881,34.167881,-111.930702,-111.930702
100,5,56.117358,-3.9395200000000004,56.117358,56.117358,-3.93952,-3.93952
198,5,38.889252,-77.04974059999999,38.889112,38.889383,-77.050187,-77.049433
165,5,57.644151,18.2976818,57.644103,57.644183,18.297643,18.29774
85,5,45.438254,12.318457,45.438254,45.438254,12.318457,12.318457
83,5,41.90311,12.49576,41.90311,41.90311,12.49576,12.49576
95,5,51.86381,-2.249624,51.86381,51.86381,-2.249624,-2.249624
60,4,44.16967075,-77.38202199999999,44.169569,44.169815,-77.382491,-77.38174
